{"val_loss":{"0":0.6670820713,"1":0.6647142172,"2":0.8012596965,"3":0.6910768747,"4":0.6411735415,"5":1.0983500481,"6":0.8604184985,"7":0.7852722406,"8":0.8342988491,"9":0.761511147},"val_acc":{"0":0.5410821438,"1":0.5963855386,"2":0.6004015803,"3":0.6012024283,"4":0.5943775177,"5":0.6144578457,"6":0.5891783834,"7":0.5933734775,"8":0.5592369437,"9":0.5811623335},"loss":{"0":0.6857679015,"1":0.6574835679,"2":0.6284751287,"3":0.6007296973,"4":0.5659057152,"5":0.5209326291,"6":0.4781201074,"7":0.4366346821,"8":0.3801172882,"9":0.3176114368},"acc":{"0":0.5619999766,"1":0.6159999967,"2":0.66049999,"3":0.6819999814,"4":0.7059999704,"5":0.7390000224,"6":0.7745000124,"7":0.8034999967,"8":0.8420000076,"9":0.8769999743}}